Ente ;Nome ;Linea;Progressiva ;Note;X WGS;Y WGS
Cippo;1 Km;Milano - Saronno;01+000;;9.167348381;45.47558002
Cippo;2 Km;Milano - Saronno;02+000;;9.160685056;45.48315786
Cippo;3 Km;Milano - Saronno;03+000;;9.160796566;45.49212109
Cippo;4 Km;Milano - Saronno;04+000;;9.159513673;45.50106872
Cippo;5 Km;Milano - Saronno;05+000;;9.154215491;45.50909566
Cippo;6 Km;Milano - Saronno;06+000;;9.147451981;45.51673216
Cippo;7 Km;Milano - Saronno;07+000;;9.14067011;45.52436226
Cippo;8 Km;Milano - Saronno;08+000;Il cippo si trova alla PK 08+055;9.13392064;45.53200682
Cippo;9 Km;Milano - Saronno;09+000;;9.126494802;45.53933586
Cippo;10 Km;Milano - Saronno;10+000;;9.119015472;45.54663794
Cippo;11 Km;Milano - Saronno;11+000;;9.11115591;45.55374074
Cippo;12 Km;Milano - Saronno;12+000;;9.103216234;45.56079883
Cippo;13 Km;Milano - Saronno;13+000;;9.095156656;45.56778968
Cippo;14 Km;Milano - Saronno;14+000;;9.086944183;45.57469432
Cippo;15 Km;Milano - Saronno;15+000;;9.078279338;45.58130562
Cippo;16 Km;Milano - Saronno;16+000;;9.06993565;45.58813253
Cippo;17 Km;Milano - Saronno;17+000;;9.061632806;45.59498559
Cippo;18 Km;Milano - Saronno;18+000;;9.054329359;45.60236496
Cippo;19 Km;Milano - Saronno;19+000;;9.047395372;45.60993163
Cippo;20 Km;Milano - Saronno;20+000;;9.0403969;45.61746966
Cippo;21 Km;Milano - Saronno;21+000;Il cippo si trova alla PK 20+972;9.031926095;45.62416791
Cippo;5 Km;Bovisa - Asso;05+000;;9.158608107;45.50991093
Cippo;6 Km;Bovisa - Asso;06+000;;9.165001326;45.51769166
Cippo;7 Km;Bovisa - Asso;07+000;;9.16992982;45.52597388
Cippo;8 Km;Bovisa - Asso;08+000;;9.1728247;45.53464892
Cippo;9 Km;Bovisa - Asso;09+000;;9.173605075;45.54362956
Cippo;10 Km;Bovisa - Asso;10+000;;9.171177061;45.55222117
Cippo;11 Km;Bovisa - Asso;11+000;;9.164515023;45.5599052
Cippo;12 Km;Bovisa - Asso;12+000;;9.159135104;45.56806912
Cippo;13 Km;Bovisa - Asso;13+000;;9.157197941;45.5768714
Cippo;14 Km;Bovisa - Asso;14+000;;9.155436913;45.58577893
Cippo;15 Km;Bovisa - Asso;15+000;;9.153463157;45.59466865
Cippo;16 Km;Bovisa - Asso;16+000;;9.147807566;45.60268334
Cippo;17 Km;Bovisa - Asso;17+000;;9.141611254;45.61054711
Cippo;18 Km;Bovisa - Asso;18+000;;9.14169614;45.61952677
Cippo;19 Km;Bovisa - Asso;19+000;;9.141849977;45.6285214
Cippo;20 Km;Bovisa - Asso;20+000;;9.14172222;45.63751788
Cippo;21 Km;Bovisa - Asso;21+000;;9.140748264;45.64647008
Cippo;22 Km;Bovisa - Asso;22+000;;9.144290447;45.65433716
Cippo;23 Km;Bovisa - Asso;23+000;;9.154296199;45.65991006
Cippo;24 Km;Bovisa - Asso;24+000;;9.162678224;45.66639819
Cippo;25 Km;Bovisa - Asso;25+000;;9.167754556;45.67465912
Cippo;26 Km;Bovisa - Asso;26+000;;9.173676154;45.68262878
Cippo;27 Km;Bovisa - Asso;27+000;;9.17938325;45.69068739
Cippo;28 Km;Bovisa - Asso;28+000;;9.187044353;45.69779147
Cippo;29 Km;Bovisa - Asso;29+000;;9.196312819;45.70401718
Cippo;30 Km;Bovisa - Asso;30+000;;9.205578353;45.71024583
Cippo;31 Km;Bovisa - Asso;31+000;;9.210385295;45.71791585
Cippo;32 Km;Bovisa - Asso;32+000;;9.209134381;45.72663741
Cippo;33 Km;Bovisa - Asso;33+000;;9.217058179;45.73356066
Cippo;34 Km;Bovisa - Asso;34+000;;9.224268756;45.74026311
Cippo;35 Km;Bovisa - Asso;35+000;;9.232913394;45.74604445
Cippo;36 Km;Bovisa - Asso;36+000;;9.232366522;45.75501234
Cippo;37 Km;Bovisa - Asso;37+000;;9.238857301;45.76248219
Cippo;38 Km;Bovisa - Asso;38+000;;9.234322865;45.7706068
Cippo;39 Km;Bovisa - Asso;39+000;;9.241674996;45.77755587
Cippo;40 Km;Bovisa - Asso;40+000;;9.240826741;45.78527325
Cippo;41 Km;Bovisa - Asso;41+000;;9.239083786;45.79377718
Cippo;42 Km;Bovisa - Asso;42+000;;9.234585942;45.80215924
Cippo;43 Km;Bovisa - Asso;43+000;;9.232731369;45.81075476
Cippo;44 Km;Bovisa - Asso;44+000;;9.227297461;45.81862854
Cippo;45 Km;Bovisa - Asso;45+000;;9.226145497;45.82752973
Cippo;46 Km;Bovisa - Asso;46+000;;9.230851683;45.83491577
Cippo;47 Km;Bovisa - Asso;47+000;;9.242864989;45.83788204
Cippo;48 Km;Bovisa - Asso;48+000;;9.254570137;45.84138988
Cippo;49 Km;Bovisa - Asso;49+000;;9.266294671;45.84379731
Cippo;50 Km;Bovisa - Asso;50+000;;9.271559392;45.85176186
Cippo;22 Km;Saronno - Laveno;22+000;;9.022912897;45.63056651
Cippo;23 Km;Saronno - Laveno;23+000;;9.013880446;45.63695316
Cippo;24 Km;Saronno - Laveno;24+000;;9.004812434;45.64331626
Cippo;25 Km;Saronno - Laveno;25+000;;8.995514224;45.64951194
Cippo;26 Km;Saronno - Laveno;26+000;;8.986071453;45.65560238
Cippo;27 Km;Saronno - Laveno;27+000;;8.976627149;45.66169248
Cippo;28 Km;Saronno - Laveno;28+000;;8.967499816;45.66799242
Cippo;29 Km;Saronno - Laveno;29+000;;8.958799354;45.67458493
Cippo;30 Km;Saronno - Laveno;30+000;;8.95015666;45.68116363
Cippo;31 Km;Saronno - Laveno;31+000;;8.940554209;45.68713395
Cippo;32 Km;Saronno - Laveno;32+000;;8.930948174;45.6931023
Cippo;33 Km;Saronno - Laveno;33+000;;8.921809188;45.69941808
Cippo;34 Km;Saronno - Laveno;34+000;;8.914144085;45.70659739
Cippo;35 Km;Saronno - Laveno;35+000;;8.903732596;45.71155226
Cippo;36 Km;Saronno - Laveno;36+000;;8.897280404;45.7193071
Cippo;37 Km;Saronno - Laveno;37+000;;8.893834252;45.72778785
Cippo;38 Km;Saronno - Laveno;38+000;;8.895084776;45.73671114
Cippo;39 Km;Saronno - Laveno;39+000;;8.893484193;45.74557997
Cippo;40 Km;Saronno - Laveno;40+000;;8.891124469;45.75442368
Cippo;41 Km;Saronno - Laveno;41+000;;8.889372924;45.76333364
Cippo;42 Km;Saronno - Laveno;42+000;;8.887875655;45.77226924
Cippo;43 Km;Saronno - Laveno;43+000;;8.88797819;45.78103479
Cippo;44 Km;Saronno - Laveno;44+000;;8.887890954;45.78884468
Cippo;45 Km;Saronno - Laveno;45+000;;8.879251504;45.79526277
Cippo;46 Km;Saronno - Laveno;46+000;;8.867570399;45.79750878
Cippo;47 Km;Saronno - Laveno;47+000;;8.85991536;45.80460129
Cippo;48 Km;Saronno - Laveno;48+000;;8.850318104;45.81005855
Cippo;49 Km;Saronno - Laveno;49+000;;8.842249488;45.81698293
Cippo;50 Km;Saronno - Laveno;50+000;;8.832370336;45.81741198
Cippo;51 Km;Saronno - Laveno;51+000;;8.827864621;45.81142745
Cippo;52 Km;Saronno - Laveno;52+000;;8.815849839;45.81361963
Cippo;53 Km;Saronno - Laveno;53+000;;8.804662155;45.8176117
Cippo;54 Km;Saronno - Laveno;54+000;;8.797940295;45.82433437
Cippo;55 Km;Saronno - Laveno;55+000;Il cippo si trova alla PK 54+985;8.785566859;45.82557033
Cippo;56 Km;Saronno - Laveno;56+000;;8.774115444;45.82852044
Cippo;57 Km;Saronno - Laveno;57+000;Il cippo si trova alla PK 56+991;8.762727069;45.83208967
Cippo;58 Km;Saronno - Laveno;58+000;;8.750705314;45.83528921
Cippo;59 Km;Saronno - Laveno;59+000;;8.739109573;45.83873384
Cippo;60 Km;Saronno - Laveno;60+000;;8.727170616;45.84176541
Cippo;61 Km;Saronno - Laveno;61+000;;8.715650568;45.84512052
Cippo;62 Km;Saronno - Laveno;62+000;;8.706330187;45.85129403
Cippo;63 Km;Saronno - Laveno;63+000;;8.696718438;45.85727948
Cippo;64 Km;Saronno - Laveno;64+000;;8.68584184;45.86207989
Cippo;65 Km;Saronno - Laveno;65+000;;8.680282928;45.86965732
Cippo;66 Km;Saronno - Laveno;66+000;;8.674001389;45.87732603
Cippo;67 Km;Saronno - Laveno;67+000;;8.66978429;45.8857445
Cippo;68 Km;Saronno - Laveno;68+000;;8.66584895;45.89419791
Cippo;69 Km;Saronno - Laveno;69+000;;8.653488036;45.89501643
Cippo;70 Km;Saronno - Laveno;70+000;;8.643347373;45.90035331
Cippo;71 Km;Saronno - Laveno;71+000;;8.631123399;45.90306946
Cippo;72 Km;Saronno - Laveno;72+000;;8.62023999;45.90765214
Cippo;22 Km;Saronno - Como;22+000;;9.02364614;45.63093978
Cippo;23 Km;Saronno - Como;23+000;;9.030393346;45.63758144
Cippo;24 Km;Saronno - Como;24+000;;9.036137643;45.64486375
Cippo;25 Km;Saronno - Como;25+000;;9.036926846;45.65374625
Cippo;26 Km;Saronno - Como;26+000;;9.038075685;45.66268312
Cippo;27 Km;Saronno - Como;27+000;;9.037828384;45.67164543
Cippo;28 Km;Saronno - Como;28+000;;9.039784783;45.68048012
Cippo;29 Km;Saronno - Como;29+000;;9.039228584;45.68939213
Cippo;30 Km;Saronno - Como;30+000;;9.036132948;45.69776677
Cippo;31 Km;Saronno - Como;31+000;;9.037632594;45.70660959
Cippo;32 Km;Saronno - Como;32+000;;9.040367967;45.71515344
Cippo;33 Km;Saronno - Como;33+000;;9.044379021;45.72365901
Cippo;34 Km;Saronno - Como;34+000;;9.040893817;45.73212865
Cippo;35 Km;Saronno - Como;35+000;;9.040681319;45.74092672
Cippo;36 Km;Saronno - Como;36+000;;9.048553353;45.74769002
Cippo;37 Km;Saronno - Como;37+000;;9.049869652;45.75639253
Cippo;38 Km;Saronno - Como;38+000;;9.051033667;45.76535248
Cippo;39 Km;Saronno - Como;39+000;;9.051012935;45.77433683
Cippo;40 Km;Saronno - Como;40+000;;9.09616561;45.79760791
Cippo;41 Km;Saronno - Como;41+000;;9.06841422;45.78098971
Cippo;42 Km;Saronno - Como;42+000;;9.079810765;45.78474942
Cippo;43 Km;Saronno - Como;43+000;;9.090191903;45.78982349
Cippo;44 Km;Saronno - Como;44+000;;9.09616561;45.79760791
Cippo;45 Km;Saronno - Como;45+000;;9.090504795;45.80547381
Cippo;46 Km;Saronno - Como;46+000;;9.084543279;45.81339786
Cippo;22 Km;Saronno - Novara;22+000;;9.021247085;45.62811611
Cippo;23 Km;Saronno - Novara;23+000;;9.008508837;45.62708239
Cippo;24 Km;Saronno - Novara;24+000;;8.995767359;45.62606723
Cippo;25 Km;Saronno - Novara;25+000;;8.983026468;45.62505046
Cippo;26 Km;Saronno - Novara;26+000;;8.970286037;45.62403272
Cippo;27 Km;Saronno - Novara;27+000;;8.957540568;45.62304929
Cippo;28 Km;Saronno - Novara;28+000;;8.944800923;45.62202916
Cippo;29 Km;Saronno - Novara;29+000;;8.93206174;45.62100734
Cippo;30 Km;Saronno - Novara;30+000;;8.919305291;45.62011456
Cippo;31 Km;Saronno - Novara;31+000;;8.906589628;45.61898002
Cippo;32 Km;Saronno - Novara;32+000;;8.896047413;45.61430287
Cippo;33 Km;Saronno - Novara;33+000;;8.883839646;45.61191482
Cippo;34 Km;Saronno - Novara;34+000;;8.871429694;45.60967129
Cippo;35 Km;Saronno - Novara;35+000;;8.859155672;45.60707623
Cippo;36 Km;Saronno - Novara;36+000;;8.846546151;45.60548127
Cippo;37 Km;Saronno - Novara;37+000;;8.834850159;45.60227249
Cippo;38 Km;Saronno - Novara;38+000;Il cippo si trova alla PK 37+971;8.824365038;45.59710054
Cippo;39 Km;Saronno - Novara;39+000;;8.813880057;45.59192403
Cippo;40 Km;Saronno - Novara;40+000;;8.803398412;45.58674791
Cippo;41 Km;Saronno - Novara;41+000;;8.792919722;45.58156965
Cippo;42 Km;Saronno - Novara;42+000;;8.785403373;45.57456272
Cippo;43 Km;Saronno - Novara;43+000;;8.779818748;45.56646545
Cippo;44 Km;Saronno - Novara;44+000;;8.774235597;45.5583679
Cippo;45 Km;Saronno - Novara;45+000;;8.769592483;45.55004639
Cippo;46 Km;Saronno - Novara;46+000;;8.759576105;45.54449537
Cippo;47 Km;Saronno - Novara;47+000;;8.750505373;45.53833505
Cippo;48 Km;Saronno - Novara;48+000;;8.743713245;45.53071466
Cippo;49 Km;Saronno - Novara;49+000;;8.73434423;45.52470253
Cippo;50 Km;Saronno - Novara;50+000;;8.727536587;45.51708356
Cippo;51 Km;Saronno - Novara;51+000;;8.720731033;45.50946454
Cippo;52 Km;Saronno - Novara;52+000;;8.713925777;45.50184547
Cippo;53 Km;Saronno - Novara;53+000;;8.707124148;45.49422526
Cippo;s.camp.;Saronno - Novara;53+026;;8.706947324;45.49402709
Cippo;54 Km;Saronno - Novara;54+000;;8.700323841;45.48660437
Cippo;55 Km;Saronno - Novara;55+000;;8.690907111;45.48107333
Cippo;56 Km;Saronno - Novara;56+000;;8.678939753;45.47789886
Cippo;57 Km;Saronno - Novara;57+000;;8.666973274;45.47472384
Cippo;58 Km;Saronno - Novara;58+000;;8.65502353;45.4715211
Cippo;59 Km;Saronno - Novara;59+000;;8.643782723;45.46732052
Cippo;60 Km;Saronno - Novara;60+000;;8.636930266;45.45974374
Cippo;61 Km;Saronno - Novara;61+000;Il cippo si trova alla PK 60+951;8.628616323;45.45301092
Cippo;38 Km;Bivio - Malpensa;38+000;;8.823692334;45.59805758
Cippo;39 Km;Bivio - Malpensa;39+000;;8.810985834;45.59899415
Cippo;40 Km;Bivio - Malpensa;40+000;;8.798309364;45.60032379
Cippo;41 Km;Bivio - Malpensa;41+000;;8.785632678;45.60165337
Cippo;42 Km;Bivio - Malpensa;42+000;;8.772885054;45.60252555
Cippo;43 Km;Bivio - Malpensa;43+000;;8.761573024;45.60653577
Cippo;44 Km;Bivio - Malpensa;44+000;;8.749605306;45.60957408
Cippo;45 Km;Bivio - Malpensa;45+000;;8.736968479;45.6082298
Cippo;46 Km;Bivio - Malpensa;46+000;;8.724373384;45.60823092
Cippo;47 Km;Bivio - Malpensa;47+000;;8.715588809;45.61442676
Cippo;48 Km;Bivio - Malpensa;48+000;;8.712346526;45.62312445
Cippo;49 Km;Bivio - Malpensa;49+000;;8.709765721;45.63192678
Cippo;50 Km;Bivio - Malpensa;50+000;;8.704559318;45.63979458
Cippo;51 Km;Bivio - Malpensa;51+000;;8.708912361;45.64786889
Cippo;52 Km;Bivio - Malpensa;52+000;;8.721113082;45.65056541
Cippo;53 Km;Bivio - Malpensa;53+000;;8.732438427;45.6545438
Cippo;54 Km;Bivio - Malpensa;54+000;;8.745040852;45.65569773
Cippo;55 Km;Bivio - Malpensa;55+000;;8.75724736;45.65826078
Cippo;56 Km;Bivio - Malpensa;56+000;;8.762611657;45.66606238
Cippo;22 Km;Seveso - Camnago;22+000;;9.139881143;45.65542503
Cippo;23 Km;Seveso - Camnago;23+000;;9.135970101;45.6639419
Cippo;22 Km;Saronno - Seregno;22+000;;9.037959178;45.61975957
Cippo;23 Km;Saronno - Seregno;23+000;;9.045212185;45.61272079
Cippo;24 Km;Saronno - Seregno;24+000;;9.054896122;45.61766222
Cippo;25 Km;Saronno - Seregno;25+000;;9.064650327;45.62308708
Cippo;26 Km;Saronno - Seregno;26+000;;9.077300693;45.62455722
Cippo;27 Km;Saronno - Seregno;27+000;;9.089951717;45.62602588
Cippo;28 Km;Saronno - Seregno;28+000;;9.102603397;45.62749323
Cippo;29 Km;Saronno - Seregno;29+000;;9.11526256;45.62892857
Cippo;30 Km;Saronno - Seregno;30+000;;9.127916548;45.63038626
Cippo;31 Km;Saronno - Seregno;31+000;;9.140511182;45.63135672
Cippo;32 Km;Saronno - Seregno;32+000;;9.151978215;45.63524821
Cippo;33 Km;Saronno - Seregno;33+000;;9.164048365;45.63828726
Cippo;34 Km;Saronno - Seregno;34+000;;9.175625597;45.64216013
Cippo;35 Km;Saronno - Seregno;35+000;;9.187201615;45.64603588
Cippo;34 Km;Raccordo Z;34+000;Raccordo Z;8.872007384;45.61168737
